,name,category,star,star_count,review,address,위도,경도
0,루엘드파리,"제과,베이커리",3.9,72건,267,서울 서초구 서초중앙로 18 112호,37.4840476212544,127.017348668302
1,공미학,커피전문점,3.5,12건,147,서울 서초구 서초대로48길 101 1층,37.4886222050947,127.012469744697
2,봉산옥 서초동본점,국수,3.7,79건,146,서울 서초구 반포대로8길 5-6,37.4833822130797,127.012453383943
3,장꼬방,"찌개,전골",3.2,299건,124,서울 서초구 효령로 364,37.4868928106781,127.023662920981
4,해담채 남부터미널점,"해물,생선",3.1,10건,47,서울 서초구 서초중앙로5길 10-8 쁘띠오피스텔 지하1층,37.4858654442726,127.015099594605
5,카페로비,디저트카페,3.9,15건,126,서울 서초구 반포대로20길 53 1층,37.4885347740802,127.012780905228
6,감격시대,"육류,고기",2.9,22건,135,서울 서초구 서초대로50길 104,37.4885454809991,127.013718729127
7,사람사는 고깃집 김일도 서초점,"육류,고기",3.9,8건,105,서울 서초구 효령로55길 39 호텔센트로 1층,37.486578275487,127.014014385044
8,아이비스타 서초점,뷔페,3.4,8건,47,서울 서초구 반포대로 22 서초평화빌딩 지하1층,37.4828043695941,127.012703271873
9,하오차이,중화요리,3.4,29건,66,서울 서초구 효령로 260 정풍빌딩 1층,37.4840424529593,127.012634511497
10,우작설렁탕,설렁탕,3.7,106건,57,서울 서초구 서초중앙로6길 7 홍빌딩 지하1층,37.4861980516193,127.016121351333
11,그림나베 남부터미널점,일식,3.7,21건,81,"서울 서초구 서초중앙로 42 블루핀 타워 112,113호",37.4858656509843,127.016257753357
12,진대감 서초점,"육류,고기",4.5,2건,29,서울 서초구 효령로55길 39 센트로호텔 1층,37.486578275487,127.014014385044
13,요요마의키친,이탈리안,3.4,36건,274,서울 서초구 반포대로 20 1층,37.4824452369632,127.012614908746
14,심빠띠아,이탈리안,3.6,13건,115,서울 서초구 반포대로16길 30 1층,37.4863466292182,127.012374501538
15,레몬그라스타이,태국음식,4.0,6건,68,서울 서초구 효령로68길 67,37.4853601014751,127.021317868884
16,레프레미스,"제과,베이커리",4.1,48건,93,서울 서초구 남부순환로337길 36 1층,37.4843489302432,127.020638507033
17,선궁,중화요리,3.9,20건,36,서울 서초구 반포대로 22 서초평화빌딩 지하1층,37.4828043695941,127.012703271873
18,곰포차,실내포장마차,3.1,13건,62,서울 서초구 효령로52길 8,37.4838715283798,127.012664897282
19,노브랜드버거 남부터미널점,햄버거,4.0,5건,32,서울 서초구 효령로 292 1층,37.4835466074664,127.015110886678
20,도담,"떡,한과",3.8,10건,25,서울 서초구 효령로61길 14-13,37.4869513916894,127.01964567733
21,더브레드블루 서초점,"제과,베이커리",4.1,8건,51,서울 서초구 서초중앙로8길 17 1층,37.4867883623402,127.01633857201
22,ttt커피 비씨카드점,카페,2.0,4건,41,서울 서초구 효령로 275 1층,37.4849697732269,127.014200758137
23,부일갈비 본점,갈비,4.3,7건,52,서울 서초구 서초중앙로2길 42,37.4839052530171,127.019703786757
24,우면산버드나무집,"육류,고기",3.4,35건,8,서울 서초구 남부순환로 2461,37.4829026381052,127.019538111058
25,송가옥,"육류,고기",4.6,7건,15,서울 서초구 반포대로20길 57 한송빌딩 지하 1층,37.488580801863,127.012907101872
26,천지궁 서초점,중화요리,3.5,28건,23,서울 서초구 반포대로12길 33 현대오피스텔 1층,37.4853177812091,127.01308677007
27,마구로센 남부터미널점,참치회,3.3,9건,37,서울 서초구 반포대로14길 58 2층,37.4861893857813,127.01413665284
28,늘푸름홍천한우 서초점,"육류,고기",3.7,4건,75,서울 서초구 효령로55길 47,37.4869640877949,127.014009142827
29,뱅스시,"초밥,롤",4.4,12건,71,서울 서초구 반포대로10길 35 서초지웰 상가동 지하 1층 104호,37.4842424493185,127.013690467291
30,든든한우가,"육류,고기",4.1,8건,88,서울 서초구 반포대로16길 34,37.4864004944284,127.012517655925
31,굴뚝집 남부터미널점,"육류,고기",3.6,8건,115,서울 서초구 효령로53길 23,37.4856969721579,127.0134734159
32,스시환,"초밥,롤",2.8,22건,39,서울 서초구 서초중앙로 38,37.4854679435006,127.016275305738
33,레트로카페트레이더,테마카페,3.6,9건,33,서울 서초구 효령로 316-1 2층,37.4854201490875,127.018966531325
34,흑돼지삼백식당 서초점,"육류,고기",2.9,9건,57,서울 서초구 효령로55길 27 2층,37.4860159449826,127.014109144504
35,서초명가 서초본점,"해물,생선",4.5,4건,41,서울 서초구 효령로55길 28,37.4861327609484,127.01447946651
36,만다린,중화요리,3.4,8건,91,서울 서초구 남부순환로335길 37,37.4842132374078,127.021650747994
37,나주곰탕 서초본점,곰탕,3.6,43건,34,서울 서초구 효령로 259,37.484510092862,127.012479463325
38,강촌식당 서초점,닭요리,3.4,5건,51,서울 서초구 효령로 316-1 1층,37.4854201490875,127.018966531325
39,매드포갈릭 예술의전당점,패밀리레스토랑,3.5,25건,57,서울 서초구 반포대로 22 서초평화빌딩 지하1층,37.4828043695941,127.012703271873
40,705사케집 교대점,일본식주점,3.0,4건,26,서울 서초구 사임당로 26 신영빌딩 1층,37.4876445587152,127.012960084157
41,스시36.5,"초밥,롤",5.0,7건,34,서울 서초구 효령로 307 1층,37.4855962923795,127.01783408772
42,생활맥주 남부터미널점,"호프,요리주점",4.0,5건,15,서울 서초구 효령로55길 15 벨타워오피스텔 1층 104호,37.4854603723598,127.01420017259
43,스타벅스 남부터미널2점,커피전문점,3.6,5건,7,서울 서초구 효령로 274,37.4843935767795,127.014213538613
44,함평한우정육식당 서초본점,"육류,고기",3.5,4건,5,서울 서초구 효령로55길 57,37.4872629612234,127.013932649965
45,정순화청국장 서초본점,한식,4.6,5건,8,서울 서초구 효령로 362 야장빌딩 1층,37.4867687631524,127.023556370225
46,P268,카페,1.8,4건,36,서울 서초구 서초중앙로 72,37.4881216800977,127.014931006517
47,소울버킷,햄버거,4.6,12건,49,서울 서초구 서초중앙로 75 202호,37.4885005435472,127.014286230696
48,스타벅스 남부터미널점,커피전문점,3.5,16건,6,서울 서초구 서초중앙로 26 서초동 삼성 래미안 아파트 유니빌1층,37.4846872089607,127.016991752076
49,조선화로집 교대점,"육류,고기",5.0,1건,5,서울 서초구 사임당로 27 평환빌딩 1층,37.4881098155374,127.013174322322
50,미토요,"돈까스,우동",3.3,4건,43,서울 서초구 효령로 279 지하1층,37.4849415024327,127.014765522044
51,호주,일본식주점,4.3,4건,20,서울 서초구 서초중앙로 51 서초신성미소시티 1층 105호,37.486312988348,127.014995322006
52,스타벅스 서울교대점,커피전문점,2.6,13건,9,서울 서초구 서초중앙로 64 1층,37.4874401271955,127.015170128436
53,더진미평냉,냉면,4.5,14건,11,서울 서초구 서초중앙로 58 피앤디 솔로빌 지하2층,37.4871437304777,127.015593855751
54,타지 서초점,인도음식,3.7,26건,22,서울 서초구 서초중앙로2길 35,37.484096350928,127.019192893295
55,유다,일본식주점,3.3,3건,9,서울 서초구 반포대로20길 57 한송빌딩 1층,37.488580801863,127.012907101872
56,해담 서초본점,회,1.9,13건,4,서울 서초구 사임당로 39 한성빌딩 2층,37.4884189352008,127.014095010132
57,KFC 서초동점,패스트푸드,2.4,20건,8,서울 서초구 효령로 283,37.485018595965,127.015025591396
58,김봉남포장마차 남부터미널점,실내포장마차,4.7,6건,26,서울 서초구 반포대로12길 26,37.4847898270854,127.01275019151
59,백년불고기물갈비 서초점,"불고기,두루치기",4.6,5건,26,서울 서초구 효령로55길 22 그린빌오피스 101호,37.4857996317481,127.014693666479
60,롯데리아 남부터미널점,패스트푸드,2.0,21건,8,서울 서초구 효령로 289 장곡빌딩 103호,37.4851294931638,127.015844898549
61,진미일식,일식,5.0,3건,12,서울 서초구 효령로68길 102 선민빌딩 1층,37.4854064736992,127.019398672306
62,오늘와인한잔 남부터미널역점,와인바,4.0,2건,17,서울 서초구 서초중앙로 15 현대슈퍼빌상가동 1층 104호,37.4830108887405,127.015641614311
63,신선설농탕 서초점,설렁탕,3.4,15건,6,서울 서초구 효령로 322,37.4855842185782,127.019544688905
64,에머이 남부터미널점,베트남음식,2.9,16건,185,"서울 서초구 서초중앙로 26 래미안 서초유니빌 1,2층",37.4846872089607,127.016991752076
65,찜통 남부터미널점,"육류,고기",2.8,38건,32,서울 서초구 효령로 276,37.484383366249,127.014453689027
66,티안,카페,4.3,3건,26,서울 서초구 서리풀길 21 1층,37.4881935694247,127.020424728243
67,스타벅스 서초동점,커피전문점,4.0,8건,1,서울 서초구 남부순환로339길 64 현우빌딩1층,37.4859259765406,127.021583627348
68,BHC치킨 서초교대점,치킨,4.3,4건,2,서울 서초구 사임당로12길 17,37.4882555354808,127.01717358841
69,예술상회,한식,5.0,4건,35,서울 서초구 반포대로10길 45 1층,37.48417111057,127.014273308255
70,바나프레소 남부터미널점,카페,2.8,4건,10,서울 서초구 효령로57길 1,37.4853173911549,127.016873739276
71,오우치,"육류,고기",5.0,7건,20,서울 서초구 효령로 266 2층,37.4841742925994,127.013255264735
72,앤티앤스프레즐 서초본점,"제과,베이커리",0.0,0건,9,서울 서초구 효령로 258 시트러스빌딩 1층,37.4839904832456,127.012460494963
73,버거파이터,햄버거,4.7,9건,8,서울 서초구 사임당로 58 제일빌딩 1층,37.4886519231458,127.016295331893
74,북창동순두부 서초점,두부전문점,2.4,5건,14,서울 서초구 효령로 330 1층,37.4857601563836,127.020252541367
75,예향,한식,0.0,1건,4,서울 서초구 서초중앙로6길 5,37.4863609620923,127.016061233601
76,칭하이,중화요리,2.3,9건,25,서울 서초구 효령로68길 88 진영빌딩 1층,37.485542040319,127.020146990209
77,이고집쭈꾸미 교대직영점,"해물,생선",3.0,3건,20,서울 서초구 서초대로50길 105,37.4886386932269,127.014076507534
78,엘마론,카페,4.2,11건,8,서울 서초구 서초중앙로 51 신성미소시티 1층,37.486312988348,127.014995322006
79,수미관,한정식,4.3,3건,21,서울 서초구 서초중앙로2길 38,37.4838118505352,127.019510307644
80,동수원갈비 서초본점,갈비,2.7,3건,3,서울 서초구 효령로55길 28,37.4861327609484,127.01447946651
81,아이언쉐프,"스테이크,립",4.7,7건,28,서울 서초구 사임당로8길 10,37.4880847799566,127.015313181369
82,부산아지매국밥 BC카드점,국밥,2.9,9건,12,서울 서초구 효령로 264 1층,37.4841813353084,127.01312230063
83,서강쇠떡볶이 남부터미널점,떡볶이,3.3,4건,7,서울 서초구 효령로52길 8 혜원빌딩 1층 106호,37.4838715283798,127.012664897282
84,탐앤탐스 남부터미널역점,커피전문점,1.9,10건,4,서울 서초구 효령로 276 덕암빌딩 1층,37.484383366249,127.014453689027
85,W23 서초점,와인바,3.0,5건,11,서울 서초구 효령로 331,37.4863955036774,127.020505987682
86,도라스시,일식집,4.0,2건,22,서울 서초구 효령로60길 23-4,37.4843094649164,127.019035446922
87,서초아구해물찜탕,아구,4.6,10건,11,서울 서초구 효령로55길 15 벨타워 105호,37.4854603723598,127.01420017259
88,우리수산,회,4.0,4건,88,서울 서초구 효령로67길 7,37.487516626848,127.023420580883
89,진오돌뼈 교대점,"육류,고기",4.1,14건,12,서울 서초구 효령로53길 67,37.4876216991397,127.012720595918
90,배수경양재정육식당,"육류,고기",3.0,2건,2,서울 서초구 남부순환로339길 72,37.4862096283726,127.021504447703
91,놀숲 교대점,만화카페,4.7,3건,6,서울 서초구 사임당로 46 서초제일빌딩 2층,37.4882876281375,127.015069778842
92,동대문엽기떡볶이 교대점,떡볶이,2.3,10건,15,서울 서초구 서초중앙로 75 201호,37.4885005435472,127.014286230696
93,황궁,중화요리,2.8,10건,9,서울 서초구 효령로55길 28,37.4861327609484,127.01447946651
94,할리스커피 남부터미널점,커피전문점,4.0,5건,4,서울 서초구 서초중앙로 52 영진빌딩 1층,37.4867307777424,127.015750032123
95,가온매운갈비찜,갈비,4.3,27건,31,서울 서초구 서초대로48길 107 에덴빌딩 지하 1층,37.4882533932286,127.012744674277
96,교촌치킨 서초3호점,치킨,2.9,12건,6,서울 서초구 사임당로 31,37.4882347498646,127.013488684094
97,본죽 남부터미널점,죽,2.0,14건,4,서울 서초구 효령로 303 부속상가 10동 1층 101호,37.4854765326893,127.017334073774
98,배스킨라빈스 남부터미널역점,아이스크림,4.0,2건,4,서울 서초구 반포대로10길 35 서초지웰 103호,37.4842424493185,127.013690467291
99,카페설리번 서초점,카페,3.0,5건,16,서울 서초구 효령로 355 1층,37.4871865220316,127.022834999811
100,삼학도,회,3.5,12건,2,서울 서초구 효령로57길 4,37.4854189072992,127.017065185618
101,스시마카세,"초밥,롤",3.8,10건,5,서울 서초구 서초중앙로 42 블루핀타워B-109호,37.4858656509843,127.016257753357
102,크리스피크림도넛 남부터미널점,도넛,0.0,0건,3,서울 서초구 효령로 292 서울남부터미널 상가 1층,37.4835466074664,127.015110886678
103,전주 콩뿌리콩나물국밥,국밥,2.3,5건,13,서울 서초구 효령로53길 23,37.4856969721579,127.0134734159
104,깐부치킨 남부터미널점,치킨,2.8,21건,8,"서울 서초구 서초중앙로 42 블루핀타워 B107,B108",37.4858656509843,127.016257753357
105,바른치킨 남부터미널점,치킨,4.2,20건,28,서울 서초구 반포대로10길 35 서초지웰 상가동 1층 101호,37.4842424493185,127.013690467291
106,허수아비 남부터미널점,"돈까스,우동",3.2,16건,10,서울 서초구 효령로 307 지하 1층,37.4855962923795,127.01783408772
107,바르다김선생 남부터미널점,분식,2.3,9건,11,서울 서초구 반포대로14길 71 LG서초에클라트 1층,37.4869095170024,127.01450471794
108,전주콩나루 콩나물국밥,국밥,3.7,3건,6,서울 서초구 서초중앙로 43 로얄타워,37.4855373251844,127.015576900888
109,삼보부대고기,"찌개,전골",4.1,22건,16,서울 서초구 효령로68길 102 선민빌딩 지하 1층,37.4854064736992,127.019398672306
110,초막집 서초본점,"육류,고기",3.0,7건,5,서울 서초구 사임당로 46,37.4882876281375,127.015069778842
111,카툰바이커피 서초본점,만화카페,5.0,3건,17,서울 서초구 효령로53길 45 지하1층,37.4865276721133,127.012932415371
112,쏘옥,"제과,베이커리",4.6,8건,13,서울 서초구 사임당로8길 13 1층,37.4879089490512,127.015650889722
113,홍루몽,중식,4.7,6건,4,서울 서초구 반포대로12길 26,37.4847898270854,127.01275019151
114,파리바게뜨 남부터미널점,"제과,베이커리",3.0,9건,1,서울 서초구 효령로 279,37.4849415024327,127.014765522044
115,팔당반점 서초직영점,중화요리,3.5,4건,7,서울 서초구 남부순환로 2457 1층,37.4827477317651,127.01912764981
116,까페라리 서초점,커피전문점,4.2,10건,17,서울 서초구 서초중앙로2길 37 1층,37.4841775919612,127.019376306751
117,육대장 남부터미널점,국밥,3.3,4건,10,서울 서초구 반포대로14길 42 오영빌딩 2층,37.4858456414219,127.013448002236
118,금화왕돈까스 남부터미널점,"돈까스,우동",1.6,7건,4,서울 서초구 서초중앙로 26 1층 116호,37.4846872089607,127.016991752076
119,이디야커피 남부터미널점,커피전문점,2.3,3건,2,서울 서초구 효령로60길 15,37.4847196331124,127.01885373992
120,설빙 남부터미널점,디저트카페,1.7,7건,5,서울 서초구 효령로 264 2층,37.4841813353084,127.01312230063
121,다동 모밀우동오뎅전문,"돈까스,우동",2.1,32건,10,서울 서초구 사임당로 33,37.4883244624687,127.013729882838
122,팔도명가산야채순대국 본점,순대,3.2,10건,3,서울 서초구 서초중앙로 58 피앤디솔로빌 1층,37.4871437304777,127.015593855751
123,항아리식당,한식,5.0,2건,1,서울 서초구 남부순환로339길 64,37.4859259765406,127.021583627348
124,죠스떡볶이 남부터미널점,떡볶이,1.8,6건,7,서울 서초구 반포대로14길 71 LG서초에클라트 101호,37.4869095170024,127.01450471794
125,길초밥,"초밥,롤",5.0,2건,17,서울 서초구 사임당로 28,37.4877514833018,127.01318658415
126,백암순대감자탕,순대,4.3,4건,5,서울 서초구 반포대로14길 30,37.4854144025766,127.01278286113
127,국대떡볶이 서초남부점,떡볶이,3.4,40건,8,서울 서초구 효령로 314 서광빌딩,37.4853058757741,127.018559459555
128,할리스커피 서초점,커피전문점,5.0,3건,0,서울 서초구 사임당로 26,37.4876445587152,127.012960084157
129,크리스피파이,디저트카페,5.0,2건,17,서울 서초구 효령로 258,37.4839904832456,127.012460494963
130,논골집 서초점,"육류,고기",3.3,8건,8,서울 서초구 서초중앙로 66 1층,37.4877248577343,127.015076336989
131,새마을식당 남부터미널점,"육류,고기",1.4,12건,12,서울 서초구 효령로55길 19 제일빌딩 1층,37.485658507521,127.014171603888
132,류 서초점,일본식주점,5.0,1건,16,서울 서초구 서초중앙로8길 12 1층,37.4865382572739,127.016231214753
133,커피빈 남부터미널역점,커피전문점,3.5,8건,1,서울 서초구 서초중앙로 43 로얄타워 1층,37.4855373251844,127.015576900888
134,소나기,한식,4.0,1건,5,서울 서초구 효령로68길 104,37.4853400090711,127.019216390281
135,퀴즈노스서브 남부터미널점,샌드위치,1.4,30건,11,서울 서초구 효령로 276 1층 102호,37.484383366249,127.014453689027
136,샤브향 서초남부점,동남아음식,3.2,6건,19,서울 서초구 효령로 260 2층,37.4840424529593,127.012634511497
137,카페토다 서초점,카페,3.7,3건,0,서울 서초구 반포대로14길 26,37.4853558653878,127.01251804697
138,우공뭉티기 서초점,"육류,고기",1.0,1건,36,서울 서초구 사임당로 28 1층,37.4877514833018,127.01318658415
139,강릉경북회집,회,4.0,2건,4,서울 서초구 서초중앙로5길 10-24,37.4864179119086,127.01462673757
140,해방촌HBC고깃집 남부터미널점,"육류,고기",4.6,7건,4,서울 서초구 서초중앙로 46 2층,37.4860819451591,127.015873932206
141,공차 남부터미널점,카페,3.0,3건,2,서울 서초구 효령로 292 1층,37.4835466074664,127.015110886678
142,함경순대,순대,4.1,7건,2,서울 서초구 효령로 259 동정빌딩 105호,37.484510092862,127.012479463325
143,가마로강정 교대점,닭강정,4.0,3건,2,서울 서초구 사임당로12길 16 서현빌딩 1층,37.4882662996326,127.016881073793
144,공차 서초점,카페,2.9,8건,0,서울 서초구 효령로55길 28 브이샤르망빌딩 108호 ,37.4861327609484,127.01447946651
145,밥심이,한식,4.2,10건,8,서울 서초구 효령로52길 8,37.4838715283798,127.012664897282
146,한신VIP일번지포차,실내포장마차,5.0,1건,1,서울 서초구 남부순환로339길 72 목전빌딩 1층,37.4862096283726,127.021504447703
147,중국성,중화요리,3.0,2건,2,서울 서초구 서초중앙로8길 136,37.4873594913749,127.02295988236
148,바바치킨 서초직영점,치킨,0.0,0건,2,서울 서초구 효령로52길 1,37.4841270366188,127.012829790189
149,교대전집,"호프,요리주점",1.0,1건,4,서울 서초구 서초대로48길 108,37.488164949407,127.012414489663
150,진배족발 서초점,"족발,보쌈",0.0,0건,2,서울 서초구 효령로55길 28 브이샤르망 2층 206호,37.4861327609484,127.01447946651
151,명가교동짬뽕 서초점,중화요리,3.0,13건,4,서울 서초구 반포대로14길 71,37.4869095170024,127.01450471794
152,파스쿠찌 서초점,커피전문점,3.0,4건,2,서울 서초구 서초중앙로8길 7 지하1층,37.4866756094863,127.015948005292
153,삼계탕마을 서초점,삼계탕,3.2,6건,9,"서울 서초구 효령로 316 정림빌딩 1, 2층",37.4853777314425,127.018842485471
154,셰프의돈까스 남부터미널점,"돈까스,우동",4.0,4건,10,서울 서초구 반포대로14길 71 2층,37.4869095170024,127.01450471794
155,칠번가피자 서초교대점,피자,5.0,1건,23,서울 서초구 남부순환로339길 47-1 현우빌딩 1층,37.4848865537235,127.021690628752
156,강남짬뽕,중화요리,2.0,9건,24,서울 서초구 효령로 289,37.4851294931638,127.015844898549
157,리어카포차 서초교대1호점,실내포장마차,0.0,0건,7,서울 서초구 사임당로 39 105호,37.4884189352008,127.014095010132
158,큰이모 부대찌개,"찌개,전골",5.0,2건,7,서울 서초구 효령로53길 21,37.485501901176,127.013496898963
159,강창구찹쌀진순대 남부터미널점,순대,2.6,8건,5,서울 서초구 효령로 330-1,37.4858235616857,127.020401808569
160,취홍,중식,0.0,0건,3,서울 서초구 사임당로 46,37.4882876281375,127.015069778842
161,페임커피,커피전문점,4.7,7건,5,서울 서초구 사임당로12길 17,37.4882555354808,127.01717358841
162,조가홍닭 남부터미널점,치킨,4.4,9건,5,서울 서초구 효령로55길 22 그린빌오피스텔 104호,37.4857996317481,127.014693666479
163,12바스켓,샌드위치,5.0,4건,40,서울 서초구 효령로 304 국제전자센터 지하1층,37.4847315992014,127.017803806463
164,광시 신흥농장직영점,"육류,고기",4.0,3건,5,서울 서초구 효령로60길 15,37.4847196331124,127.01885373992
165,브루웍스 남부터미널역점,"호프,요리주점",4.0,2건,8,서울 서초구 효령로55길 19 2층,37.485658507521,127.014171603888
166,원할머니보쌈족발 서초점,"족발,보쌈",3.0,2건,4,서울 서초구 효령로53길 21 신성오피스텔 1층 103호,37.485501901176,127.013496898963
167,카페포레스트,카페,4.5,2건,3,서울 서초구 효령로60길 13,37.4849380506901,127.01877125596
168,군선생 남부터미널점,"해물,생선",5.0,1건,4,서울 서초구 효령로55길 28 브이사르망 빌딩 1층,37.4861327609484,127.01447946651
169,양계장집아들,치킨,4.0,1건,6,서울 서초구 효령로57길 4,37.4854189072992,127.017065185618
170,마담버터플라이,카페,3.0,6건,10,서울 서초구 서초중앙로 48,37.4862684624841,127.015809635456
171,해물솥밥모랑 남부터미널점,"해물,생선",3.3,10건,8,서울 서초구 반포대로14길 71 LG에클라트 2층,37.4869095170024,127.01450471794
172,진미정생선구이,"해물,생선",3.0,12건,5,서울 서초구 사임당로 33,37.4883244624687,127.013729882838
173,피자스쿨 남부터미널역점,피자,4.8,9건,2,서울 서초구 서초중앙로 42 블루핀타워 103호,37.4858656509843,127.016257753357
174,병천순대왕족발,순대,3.0,4건,4,서울 서초구 효령로53길 14,37.4852731799223,127.013888071085
175,커피829 남부터미널점,커피전문점,5.0,1건,11,서울 서초구 서초동 1743-1,37.4864487576097,127.014372337906
176,파파존스 서초점,피자,5.0,1건,1,서울 서초구 효령로 318,37.485472557821,127.019152201767
177,에슬로우 서초1호점,카페,2.6,5건,2,서울 서초구 반포대로14길 58 1층,37.4861893857813,127.01413665284
178,담소소사골순대육개장 남부터미널점,순대,2.9,8건,5,서울 서초구 효령로55길 28 브이샤르망 1층 106호,37.4861327609484,127.01447946651
179,엔제리너스 남부터미널점,커피전문점,5.0,1건,1,서울 서초구 효령로 321 덕원빌딩 1층,37.4861262360947,127.019172155661
180,포프롬나드 본점,동남아음식,2.8,18건,20,서울 서초구 남부순환로331길 12,37.4830829726744,127.018717651718
181,청해복장어전문점,"해물,생선",5.0,2건,0,서울 서초구 서초중앙로 63,37.4873275895417,127.014465676374
182,통영味鮮,회,3.6,6건,0,서울 서초구 효령로68길 84,37.4855576929787,127.020292399663
183,최수사,일식집,3.0,5건,2,서울 서초구 효령로68길 112,37.4852506073616,127.018791007885
184,만리향,중화요리,1.0,1건,14,서울 서초구 서초중앙로2길 37,37.4841775919612,127.019376306751
185,명동칼국수샤브샤브 서초점,샤브샤브,3.8,5건,7,서울 서초구 효령로55길 28 샤르망빌딩 지하1층,37.4861327609484,127.01447946651
186,용궁해물탕,"매운탕,해물탕",0.0,0건,0,서울 서초구 서초중앙로8길 143,37.487689094807,127.023344650975
187,산애들,"찌개,전골",4.5,4건,4,서울 서초구 반포대로12길 51,37.4853037924927,127.014071585247
188,칠갑청국장육회 남부터미널지점,한식,3.6,16건,9,서울 서초구 효령로57길 4,37.4854189072992,127.017065185618
189,꼬꾸이,치킨,3.0,2건,4,서울 서초구 효령로 305,37.4855294785836,127.017560221616
190,황다방,다방,0.0,0건,2,서울 서초구 효령로 307,37.4855962923795,127.01783408772
191,노랑통닭 남부터미널점,치킨,3.0,6건,2,서울 서초구 효령로 303 10동 103호,37.4854765326893,127.017334073774
192,밀마을칼국수,국수,4.5,6건,6,서울 서초구 효령로52길 12,37.4837440242743,127.012770704706
193,그릴진 남부터미널역점,"육류,고기",0.0,0건,3,서울 서초구 효령로55길 22 그린빌오피스텔 지하 1층 B104호,37.4857996317481,127.014693666479
194,타미하우스 남부터미널점,샌드위치,0.0,0건,1,서울 서초구 남부순환로333길 13,37.483384328791,127.020008132847
195,플라티,카페,2.0,1건,2,서울 서초구 효령로68길 14,37.4866372742922,127.023715191547
196,미소야 서초점,"돈까스,우동",2.3,10건,4,서울 서초구 반포대로10길 35 서초지웰상가 1층 111호,37.4842424493185,127.013690467291
197,서울양꼬치,양꼬치,3.3,10건,8,서울 서초구 반포대로14길 30,37.4854144025766,127.01278286113
198,김밥천국 예술의전당점,분식,0.0,0건,1,서울 서초구 반포대로10길 35,37.4842424493185,127.013690467291
199,이베리코,한정식,5.0,4건,1,서울 서초구 남부순환로339길 23,37.4840794887023,127.022344366967
200,펀비어킹 남부터미널점,"호프,요리주점",0.0,0건,1,서울 서초구 반포대로14길 54,37.4859413703336,127.013865581091
201,브라운하우스,양식,2.0,1건,2,서울 서초구 서초중앙로2길 72-5,37.4848726479992,127.021361826438
202,진심에취하다,일본식주점,5.0,1건,2,서울 서초구 효령로52길 35 101호,37.4827173677162,127.013200736839
203,통영미선,"해물,생선",0.0,0건,2,서울 서초구 효령로68길 84 1층,37.4855576929787,127.020292399663
204,미양마늘보쌈집 남부터미널점,"족발,보쌈",3.4,9건,5,서울 서초구 서초중앙로 26 래미안 서초유니빌 2층 220호,37.4846872089607,127.016991752076
205,송사부수제쌀고로케 남부터미널점,"제과,베이커리",3.0,5건,70,서울 서초구 효령로 292 1층 108호,37.4835466074664,127.015110886678
206,요거프레소 서울교대점,디저트카페,3.5,2건,2,서울 서초구 사임당로 38 103호,37.4880750904502,127.014262743844
207,해월양꼬치샤브샤브 서초점,양꼬치,3.3,3건,8,서울 서초구 효령로 314 1층,37.4853058757741,127.018559459555
208,소윤화,중화요리,4.5,2건,3,서울 서초구 남부순환로323길 49,37.4832903615863,127.013620758944
209,한솥도시락 국제전자센터옆점,도시락,2.0,4건,6,서울 서초구 효령로 314,37.4853058757741,127.018559459555
210,EU,카페,5.0,5건,7,서울 서초구 효령로52길 8,37.4838715283798,127.012664897282
211,카페준,카페,0.0,0건,22,서울 서초구 서초중앙로5길 10-8 쁘띠오피스텔 1층 106호,37.4858654442726,127.015099594605
212,오징어나라 서초점,"해물,생선",3.3,5건,1,서울 서초구 반포대로14길 42,37.4858456414219,127.013448002236
213,라이브잼,라이브카페,0.0,0건,2,서울 서초구 효령로55길 57 지하1층,37.4872629612234,127.013932649965
214,김밥,분식,0.0,0건,1,서울 서초구 사임당로 21,37.4879304099777,127.012481502204
215,참살이청국장,"찌개,전골",5.0,2건,2,서울 서초구 서초중앙로 63,37.4873275895417,127.014465676374
216,더대박치킨 서초점,치킨,4.6,8건,3,서울 서초구 서초중앙로 49 동양라디안루키 1층 103호,37.4861258292985,127.015149284172
217,홍등,중식,4.7,3건,3,서울 서초구 서초대로48길 103 1층,37.488442446367,127.012542081021
218,송황칼국수,한식,4.0,3건,3,서울 서초구 남부순환로339길 51,37.4852447288975,127.021557652003
219,왕떡볶이,떡볶이,4.0,4건,1,서울 서초구 남부순환로339길 60,37.4856632268725,127.021669144238
220,파리바게뜨 서초중앙점,"제과,베이커리",3.5,6건,2,서울 서초구 서리풀길 1,37.4865008426468,127.020956145229
221,한가람,한식뷔페,0.0,0건,0,서울 서초구 사임당로 38 큐브플러스 지하1층,37.4880750904502,127.014262743844
222,가마솥감자탕,감자탕,4.0,1건,0,서울 서초구 남부순환로339길 47-1 현우빌딩 1층,37.4848865537235,127.021690628752
223,벨라빈스커피 남부터미널점,커피전문점,2.3,4건,1,서울 서초구 효령로55길 28 서초브이샤르망 1층,37.4861327609484,127.01447946651
224,장어만구이,장어,5.0,2건,0,서울 서초구 사임당로 25,37.4880009230794,127.012816092593
225,무봤나촌닭 서초점,치킨,0.0,0건,0,서울 서초구 서초중앙로6길 25,37.4865746428516,127.016980081125
226,국수명가,국수,3.5,2건,6,서울 서초구 효령로53길 14,37.4852731799223,127.013888071085
227,충무김밥 서초점,분식,4.0,1건,0,서울 서초구 서초중앙로5길 10-8,37.4858654442726,127.015099594605
228,우리김밥,분식,4.0,1건,1,서울 서초구 효령로 292,37.4835466074664,127.015110886678
229,커먼띵스,카페,3.0,2건,4,서울 서초구 남부순환로339길 25 1층,37.4841690682102,127.02224229527
230,래빈,닭요리,1.8,4건,6,서울 서초구 효령로57길 7,37.4855911668768,127.016524307979
231,남도맛집,한정식,4.0,5건,1,서울 서초구 효령로 307,37.4855962923795,127.01783408772
232,포마토,분식,2.0,3건,1,서울 서초구 효령로53길 67,37.4876216991397,127.012720595918
233,온이유,디저트카페,0.0,0건,1,서울 서초구 서초중앙로5길 10-8 쁘띠오피스텔 1층 7-2호,37.4858654442726,127.015099594605
234,종로닭한마리부대찌개,닭요리,0.0,0건,1,서울 서초구 사임당로 21 2층 202호,37.4879304099777,127.012481502204
235,김밥천국 남부터미널점,분식,1.8,5건,0,서울 서초구 효령로55길 28,37.4861327609484,127.01447946651
236,대가 본점,"사철탕,영양탕",4.5,4건,0,서울 서초구 반포대로10길 11,37.4838120876808,127.012421231706
237,쟈니스커피,카페,0.0,0건,1,서울 서초구 사임당로14길 34 지하101호,37.4876972604927,127.017852000107
238,팔당반점,중식,0.0,0건,0,서울 서초구 남부순환로 2457,37.4827477317651,127.01912764981
239,김가네 남부터미널점,분식,3.0,3건,3,서울 서초구 효령로55길 19,37.485658507521,127.014171603888
240,우래기사식당,기사식당,2.0,2건,1,서울 서초구 효령로 359,37.4873664708336,127.023207622119
241,완산골명가 남부터미널점,국밥,0.0,0건,1,서울 서초구 효령로68길 59 1층,37.485318474744,127.02181230117
242,동호숯불바베큐호프,"호프,요리주점",4.5,2건,7,서울 서초구 효령로 307,37.4855962923795,127.01783408772
243,서초동고기집,"육류,고기",5.0,1건,4,서울 서초구 남부순환로339길 49 1층,37.4851328968109,127.021650334979
244,미에뜨케이크,"제과,베이커리",4.8,4건,3,서울 서초구 사임당로14길 34 진성빌딩 102호,37.4876972604927,127.017852000107
245,옛다원 서초점,카페,4.0,2건,4,서울 서초구 서초중앙로 39,37.4852789881319,127.015712528164
246,락가,일본식주점,5.0,1건,4,서울 서초구 서초중앙로5길 10-8 1층 7-3호,37.4858654442726,127.015099594605
247,일억조중국요리,중화요리,1.0,2건,0,서울 서초구 사임당로 31,37.4882347498646,127.013488684094
248,빚은 남부터미널역점,"떡,한과",0.0,0건,0,서울 서초구 효령로 314 서광빌딩 1층 102호,37.4853058757741,127.018559459555
249,교대시골밥상,한식,3.0,1건,3,서울 서초구 사임당로12길 17,37.4882555354808,127.01717358841
250,진오돌뼈,한정식,0.0,0건,0,서울 서초구 사임당로 21,37.4879304099777,127.012481502204
251,서초회관,설렁탕,2.5,2건,0,서울 서초구 효령로52길 42,37.4823995184588,127.012960082668
252,참치현,일식집,0.0,0건,2,서울 서초구 효령로55길 28 브이샤르망 207호,37.4861327609484,127.01447946651
253,권서방네순대국왕순대 남부터미널점,순대,3.0,9건,2,서울 서초구 효령로 305,37.4855294785836,127.017560221616
254,브로앤시스,카페,5.0,1건,0,서울 서초구 서초중앙로 18,37.4840476212544,127.017348668302
255,치&강 남부터미널점,닭강정,0.0,0건,2,서울 서초구 효령로 292 1층 121-2호,37.4835466074664,127.015110886678
256,생생포차,실내포장마차,4.3,3건,1,서울 서초구 반포대로8길 11-10,37.4836882654257,127.012644401577
257,바나프레소 교대사거리점,카페,0.0,0건,0,서울 서초구 사임당로 38 1층 102호,37.4880750904502,127.014262743844
258,돈바바,갈비,5.0,2건,0,서울 서초구 남부순환로331길 10,37.4829454656103,127.018800380198
259,을지로골뱅이와 꼬까닥치킨 진짜생맥주 서초본점,"호프,요리주점",5.0,1건,1,서울 서초구 효령로53길 21,37.485501901176,127.013496898963
260,오사카동,"돈까스,우동",2.1,27건,11,서울 서초구 효령로 289,37.4851294931638,127.015844898549
261,장독대김치찌개 교대역점,"찌개,전골",0.0,0건,0,서울 서초구 서초대로50길 105,37.4886386932269,127.014076507534
262,카페고도,카페,0.0,0건,6,서울 서초구 효령로52길 12 1층,37.4837440242743,127.012770704706
263,백암순대국,순대,0.0,0건,0,서울 서초구 남부순환로335길 41,37.484308268485,127.02178848976
264,바다풍경,회,0.0,0건,1,서울 서초구 남부순환로335길 41,37.484308268485,127.02178848976
265,미스터브리즈커피 남부터미널점,커피전문점,3.5,2건,0,서울 서초구 서초중앙로2길 34,37.4838183756596,127.019279656281
266,9카페,카페,5.0,2건,1,서울 서초구 효령로 332,37.4858527254753,127.020568366092
267,베리언스,카페,0.0,0건,0,서울 서초구 남부순환로337가길 33,37.4839431212365,127.023504377489
268,라크레모사,아이스크림,3.0,2건,5,서울 서초구 효령로 341,37.4866397139995,127.021314501192
269,라이언위스키 교대2호점,술집,0.0,0건,0,서울 서초구 반포대로14길 58 1층 102호,37.4861893857813,127.01413665284
270,브로드커피,커피전문점,5.0,1건,1,서울 서초구 서초중앙로 39 1층,37.4852789881319,127.015712528164
271,가정식백반 남부촌,한식,0.0,0건,1,서울 서초구 남부순환로323길 63,37.4836201672502,127.01330039281
272,퐁데자르,"제과,베이커리",5.0,3건,1,서울 서초구 남부순환로323길 44-3,37.4830810204053,127.013936848207
273,본도시락 남부터미널점,도시락,0.0,0건,3,서울 서초구 서초중앙로 42 블루핀 타워 105호,37.4858656509843,127.016257753357
274,커피스타카토,커피전문점,0.0,0건,0,서울 서초구 서초중앙로8길 129,37.4874786725519,127.022607703477
275,썸,음식점,0.0,0건,0,서울 서초구 서초대로48길 103,37.488442446367,127.012542081021
276,충무식당,한식뷔페,0.0,0건,1,서울 서초구 효령로 304 국제전자센터 지하1층 B5호,37.4847315992014,127.017803806463
277,그래놀라와 오슬로우,커피전문점,5.0,1건,5,서울 서초구 반포대로8길 7 1층,37.4832247088415,127.012528319453
278,애견호텔,애견카페,0.0,0건,0,서울 서초구 효령로57길 4,37.4854189072992,127.017065185618
279,종가집고추장주물럭,"육류,고기",4.0,7건,0,서울 서초구 서초대로48길 108 정일빌딩 1층,37.488164949407,127.012414489663
280,꼬꼬막 서초점,한식,2.0,1건,4,서울 서초구 효령로55길 28,37.4861327609484,127.01447946651
281,한국찹쌀순대,순대,4.5,2건,1,서울 서초구 반포대로14길 71,37.4869095170024,127.01450471794
282,서초복집,복어,0.0,0건,0,서울 서초구 서초중앙로2길 34,37.4838183756596,127.019279656281
283,먹마포차,실내포장마차,2.5,2건,1,서울 서초구 효령로 318,37.485472557821,127.019152201767
284,서해수산,회,3.0,1건,1,서울 서초구 반포대로12길 51,37.4853037924927,127.014071585247
285,바빈스커피 서초점,커피전문점,5.0,1건,0,서울 서초구 효령로68길 67 태담빌딩 지하 1층,37.4853601014751,127.021317868884
286,풀떼기,카페,3.3,3건,2,서울 서초구 효령로53길 67 1층,37.4876216991397,127.012720595918
287,전주콩나물해장국밥,국밥,0.0,0건,0,서울 서초구 서초동 1428-4,37.4840261821836,127.020677425865
288,루엘드파리 아뜰리에,"제과,베이커리",0.0,0건,7,서울 서초구 서초중앙로 18,37.4840476212544,127.017348668302
289,보네르67,카페,0.0,0건,3,서울 서초구 효령로68길 67,37.4853601014751,127.021317868884
290,배달삼겹돼지되지 서초점,삼겹살,0.0,0건,1,서울 서초구 사임당로12길 17,37.4882555354808,127.01717358841
291,앤티앤스프레즐 남부터미널점,"제과,베이커리",5.0,1건,0,서울 서초구 효령로 292 1층 107호,37.4835466074664,127.015110886678
292,우리들손칼국수,국수,4.5,2건,1,서울 서초구 효령로 304 국제전자센터 11층,37.4847315992014,127.017803806463
293,서초손칼국시보쌈 서초점,"족발,보쌈",5.0,1건,1,서울 서초구 효령로 305,37.4855294785836,127.017560221616
294,서초정육식당,"육류,고기",0.0,0건,1,서울 서초구 효령로55길 28,37.4861327609484,127.01447946651
295,울엄마김밥 서초본점,분식,4.0,2건,0,서울 서초구 남부순환로333길 15-4,37.483585763269,127.02019067327
296,스테프핫도그 남부터미널점,패스트푸드,0.0,0건,0,서울 서초구 효령로 292,37.4835466074664,127.015110886678
297,멜슨하우스,카페,0.0,0건,0,서울 서초구 효령로61길 14-5,37.4866311248774,127.019394013905
298,나래종합한식분식,한식,0.0,0건,2,서울 서초구 서초중앙로 40-6,37.4856590222065,127.016456934397
299,게장부페,뷔페,0.0,0건,0,서울 서초구 서초중앙로8길 13,37.486745765636,127.016186144862
300,마포 돼지갈비생삼겹살,갈비,5.0,1건,1,서울 서초구 남부순환로333길 36,37.4840296280525,127.021062754186
301,커피오도레,커피전문점,3.0,2건,2,서울 서초구 사임당로 21,37.4879304099777,127.012481502204
302,페이드,카페,0.0,0건,0,서울 서초구 반포대로12길 49 1층,37.4852911888735,127.013983164141
303,방배족발 서초점,"족발,보쌈",0.0,0건,0,서울 서초구 효령로53길 18 석탑오피스텔 108호,37.4855048196074,127.013969183554
304,감나무참숯갈비 서초본점,갈비,5.0,1건,2,서울 서초구 서초중앙로 58,37.4871437304777,127.015593855751
305,명동할머니국수 남부터미널점,국수,3.6,5건,3,서울 서초구 서초중앙로 26 레미안서초유니빌 105,37.4846872089607,127.016991752076
306,우리동네청년어부서초점,일식,0.0,0건,1,서울 서초구 남부순환로339길 53,37.4853736750311,127.021492675202
307,궁순대국생삼겹살,한식,3.0,3건,0,서울 서초구 남부순환로333길 35,37.4841718406435,127.020874313491
308,국수마을,국수,3.4,5건,0,서울 서초구 남부순환로339길 25,37.4841690682102,127.02224229527
309,우리집,한식,0.0,0건,1,서울 서초구 서초중앙로8길 106,37.4868997244394,127.021427871072
310,카페ASAP,카페,5.0,1건,0,서울 서초구 서초중앙로8길 111,37.4872245855266,127.021660549587
311,오미야,기사식당,3.0,1건,0,서울 서초구 반포대로 22,37.4828043695941,127.012703271873
312,옛집큰손,한식,4.0,2건,1,서울 서초구 효령로68길 110,37.4852738320271,127.018924772458
313,명인만두 남부터미널점,분식,1.7,4건,0,서울 서초구 효령로55길 28 105호,37.4861327609484,127.01447946651
314,벼리스타,카페,2.0,1건,0,서울 서초구 서초중앙로2길 21 102동 102호,37.4839059857673,127.018515809239
315,치킨뱅이 남부터미널점,"호프,요리주점",3.0,2건,1,"서울 서초구 효령로55길 28 브이샤르망 1층 111,112호",37.4861327609484,127.01447946651
316,낭만쭈꾸미,"해물,생선",0.0,0건,0,서울 서초구 효령로55길 57,37.4872629612234,127.013932649965
317,커피온리 남부터미널점,커피전문점,1.0,1건,2,서울 서초구 효령로 292 서울남부터미널 121-1호,37.4835466074664,127.015110886678
318,그린쿡한식뷔페&호프,"호프,요리주점",0.0,0건,1,서울 서초구 서초중앙로 42,37.4858656509843,127.016257753357
319,인정국물떡볶이,떡볶이,0.0,0건,0,서울 서초구 효령로55길 57,37.4872629612234,127.013932649965
320,매화,중화요리,2.5,6건,5,서울 서초구 남부순환로339길 53,37.4853736750311,127.021492675202
321,끌레르,카페,5.0,1건,0,서울 서초구 효령로68길 32,37.4860772047712,127.02281442288
322,카페녹색광선,카페,0.0,0건,1,서울 서초구 서초중앙로 63-6 1층,37.4875648387701,127.014352425107
323,돌쇠고기,"육류,고기",0.0,0건,0,서울 서초구 효령로 261 2층,37.484552236358,127.01270187181
324,단풍애김밥 남부터미널점,분식,5.0,2건,2,서울 서초구 효령로68길 74,37.4856869986451,127.020747985774
325,사랑이네김밥,분식,1.0,1건,0,서울 서초구 효령로 314,37.4853058757741,127.018559459555
326,소담 교대점,한식,0.0,0건,2,서울 서초구 사임당로8길 4,37.4883932032357,127.015249245506
327,왕솥뚜껑생삼겹살,한식,0.0,0건,0,서울 서초구 서초동 1428-4,37.4840261821836,127.020677425865
328,더치앤빈 남부터미널점,커피전문점,0.0,0건,0,서울 서초구 서초중앙로2길 35,37.484096350928,127.019192893295
329,떡의명가하늘채,"떡,한과",5.0,1건,0,서울 서초구 서초중앙로2길 21,37.4839059857673,127.018515809239
330,시골밥상,"족발,보쌈",3.0,1건,0,서울 서초구 남부순환로333길 27,37.4838959183475,127.020551322109
331,교대오리삼겹살뷔페,고기뷔페,0.0,0건,0,서울 서초구 사임당로 21,37.4879304099777,127.012481502204
332,화평냉면지짐이,"호프,요리주점",4.0,3건,1,서울 서초구 효령로 307,37.4855962923795,127.01783408772
333,만랩커피 남부터미널점,커피전문점,0.0,0건,0,서울 서초구 서초동 1446-11,37.4831095760729,127.016112094844
334,센트로커피,카페,0.0,0건,2,서울 서초구 효령로55길 39 1층,37.486578275487,127.014014385044
335,그릴드치즈,샌드위치,0.0,0건,0,서울 서초구 서초중앙로 50 신현빌딩 1층,37.4863900179681,127.015738653675
336,착형,카페,3.5,2건,3,서울 서초구 효령로 304 국제전자센터 지하1층 1024호,37.4847315992014,127.017803806463
337,소담화플라워카페,테마카페,0.0,0건,0,서울 서초구 남부순환로323길 56-3 1층,37.4836338180914,127.013689903976
338,강구항을지로골뱅이,"호프,요리주점",2.5,4건,1,서울 서초구 효령로 303,37.4854765326893,127.017334073774
339,유황오리,오리,0.0,0건,0,서울 서초구 서초중앙로8길 143,37.487689094807,127.023344650975
340,금잔디샵,"떡,한과",0.0,0건,0,서울 서초구 효령로68길 84,37.4855576929787,127.020292399663
341,밀라노,술집,1.0,1건,0,서울 서초구 반포대로12길 29,37.4852490619679,127.012834278618
342,미셸푸드카페안젤로 서초평화지점,카페,4.0,1건,0,서울 서초구 반포대로 22,37.4828043695941,127.012703271873
343,정선할매곤드레밥 교대점,한식,0.0,0건,1,서울 서초구 사임당로 26,37.4876445587152,127.012960084157
344,크림앤토마토,분식,4.6,5건,11,서울 서초구 효령로 304,37.4847315992014,127.017803806463
345,경성찹쌀꽈배기,"제과,베이커리",0.0,0건,0,서울 서초구 서초중앙로 45 1층,37.4857832271806,127.015448732619
346,장충동왕족발,"족발,보쌈",0.0,0건,0,서울 서초구 서초중앙로 14,37.4835986618593,127.017864818801
347,부뚜막,"육류,고기",3.0,2건,0,서울 서초구 효령로51길 18,37.4852102552666,127.012585523868
348,클럽1d1m,카페,0.0,0건,2,서울 서초구 서초중앙로6길 29,37.4866574263629,127.01711273039
349,짱이야산곰장어,장어,0.0,0건,0,서울 서초구 사임당로 39,37.4884189352008,127.014095010132
350,뜨레봉뺑,"제과,베이커리",5.0,3건,0,서울 서초구 효령로68길 59,37.485318474744,127.02181230117
351,서초꽈배기,"제과,베이커리",0.0,0건,2,서울 서초구 효령로57길 4,37.4854189072992,127.017065185618
352,삼미감자탕,감자탕,0.0,0건,0,서울 서초구 서초중앙로5길 10-8,37.4858654442726,127.015099594605
353,아워홈 게임빌서초점,한식,5.0,1건,0,서울 서초구 서초중앙로 4,37.482713030212,127.018063486739
354,소공동뚝배기집 남부터미널본점,"찌개,전골",2.8,5건,0,서울 서초구 반포대로8길 5-10,37.4835643151568,127.012375060231
355,남부식당,한식,0.0,0건,0,서울 서초구 반포대로10길 45,37.48417111057,127.014273308255
356,이조,한식,4.0,2건,3,서울 서초구 효령로 304,37.4847315992014,127.017803806463
357,A1,칵테일바,0.0,0건,0,서울 서초구 서초대로50길 104,37.4885454809991,127.013718729127
358,커피킹,카페,5.0,2건,0,서울 서초구 사임당로8길 4,37.4883932032357,127.015249245506
359,명동칼국수,국수,3.0,2건,0,서울 서초구 효령로 304,37.4847315992014,127.017803806463
360,더휴,카페,0.0,0건,1,서울 서초구 반포대로14길 27 1층,37.4858323367831,127.01234513203
361,오즈룸,"제과,베이커리",0.0,0건,0,서울 서초구 효령로66길 2 동원빌딩 1층,37.4864632029303,127.022309912375
362,서초마을&포차,실내포장마차,0.0,0건,0,서울 서초구 사임당로 21,37.4879304099777,127.012481502204
363,서초맛골집,한식,3.0,1건,0,서울 서초구 남부순환로337가길 33,37.4839431212365,127.023504377489
364,류,일본식주점,0.0,0건,9,서울 서초구 서초중앙로8길 12,37.4865382572739,127.016231214753
365,예술다방,카페,0.0,0건,1,서울 서초구 반포대로10길 24,37.4837409180386,127.013160778805
366,카페525,카페,4.0,4건,1,서울 서초구 효령로52길 5,37.4839440321864,127.012917836855
367,마마푸드,한식,0.0,0건,0,서울 서초구 반포대로14길 54,37.4859413703336,127.013865581091
368,로빈스베이커리 남부터미널점,"제과,베이커리",0.0,0건,5,서울 서초구 효령로68길 74 이마트에브리데이 1층,37.4856869986451,127.020747985774
369,홍연자명품김밥,분식,3.0,1건,0,서울 서초구 효령로68길 74,37.4856869986451,127.020747985774
370,삿갓촌,"육류,고기",0.0,0건,0,서울 서초구 서초중앙로8길 143,37.487689094807,127.023344650975
371,카페아리코,카페,0.0,0건,0,서울 서초구 효령로 304 지하 1층 26호,37.4847315992014,127.017803806463
372,청주본가,한식,0.0,0건,0,서울 서초구 남부순환로337길 35,37.4841114421004,127.020536908738
373,막썰어횟집,회,0.0,0건,0,서울 서초구 남부순환로335길 41,37.484308268485,127.02178848976
374,오대양참치,참치회,0.0,0건,0,서울 서초구 사임당로 39,37.4884189352008,127.014095010132
375,뜨락,분식,0.0,0건,0,서울 서초구 효령로 304,37.4847315992014,127.017803806463
376,지오,카페,0.0,0건,0,서울 서초구 서초중앙로 72,37.4881216800977,127.014931006517
377,올리브나무,카페,0.0,1건,0,서울 서초구 효령로70길 36-27,37.484815770818,127.023840006782
378,카페다임,커피전문점,0.0,0건,1,서울 서초구 서리풀3길 24 103호,37.4878630919288,127.018141728295
379,서울남부터미널 구내식당,구내식당,0.0,0건,1,서울 서초구 효령로 292 2층,37.4835466074664,127.015110886678
380,외가집,한식,3.0,2건,0,서울 서초구 남부순환로331길 6-3,37.4830040947482,127.018966372837
381,소소한펍,술집,5.0,1건,0,서울 서초구 사임당로 38,37.4880750904502,127.014262743844
382,마치래빗,패밀리레스토랑,0.0,0건,0,서울 서초구 사임당로 31,37.4882347498646,127.013488684094
383,더브라운베이커리 서초사무소,"제과,베이커리",0.0,0건,0,서울 서초구 효령로 305,37.4855294785836,127.017560221616
384,명동치킨,치킨,4.0,1건,1,서울 서초구 서초중앙로 45,37.4857832271806,127.015448732619
385,통통,한식,3.0,1건,1,서울 서초구 서초대로48길 108,37.488164949407,127.012414489663
386,전주성,중화요리,0.0,0건,0,서울 서초구 효령로 304,37.4847315992014,127.017803806463
387,나인아울스,카페,5.0,1건,1,서울 서초구 효령로68길 104,37.4853400090711,127.019216390281
388,도시락나라,도시락,0.0,0건,0,서울 서초구 사임당로12길 11,37.4885004371308,127.017120500502
389,카페인하비토모,카페,0.0,0건,1,서울 서초구 효령로 304 국제전자센터 9층 9070호,37.4847315992014,127.017803806463
390,봄cafe2019,카페,0.0,0건,0,서울 서초구 서초중앙로 50,37.4863900179681,127.015738653675
391,참호도과자 남부터미널점,간식,5.0,1건,0,서울 서초구 효령로 292 122호,37.4835466074664,127.015110886678
392,카페아미아,카페,0.0,0건,0,서울 서초구 남부순환로337가길 49 송파빌딩 3층,37.4842221155219,127.023744729785
393,남부족발,"족발,보쌈",0.0,0건,0,서울 서초구 효령로 305 1층 106호,37.4855294785836,127.017560221616
394,델리뉴스 현대슈퍼빌점,카페,0.0,0건,0,서울 서초구 서초중앙로 15,37.4830108887405,127.015641614311
395,밀크커피,카페,0.0,0건,0,서울 서초구 효령로55길 39,37.486578275487,127.014014385044
396,모모랑,카페,0.0,0건,0,서울 서초구 효령로 359,37.4873664708336,127.023207622119
397,카페일레븐,커피전문점,0.0,0건,0,서울 서초구 반포대로14길 42 1층,37.4858456414219,127.013448002236
398,한가람,"찌개,전골",0.0,0건,4,서울 서초구 효령로 304 국제전자센터 11층,37.4847315992014,127.017803806463
399,제이앤에이치푸드,음식점,0.0,0건,0,서울 서초구 반포대로16길 30,37.4863466292182,127.012374501538
400,하타다,커피전문점,4.5,2건,0,서울 서초구 효령로 314 서광빌딩1층 108호,37.4853058757741,127.018559459555
401,킹콩분식 남부터미널점,분식,0.0,0건,1,서울 서초구 효령로 262,37.4841569350922,127.012967283237
402,홈푸드,한식,5.0,1건,0,서울 서초구 효령로68길 110,37.4852738320271,127.018924772458
403,예술,"호프,요리주점",5.0,1건,1,서울 서초구 반포대로8길 5-6,37.4833822130797,127.012453383943
404,옥향의집,"육류,고기",4.0,1건,0,서울 서초구 반포대로12길 26,37.4847898270854,127.01275019151
405,드렁크829,술집,0.0,0건,1,서울 서초구 효령로55길 15,37.4854603723598,127.01420017259
406,통닭가 서초점,치킨,0.0,0건,1,서울 서초구 효령로57길 4 101호,37.4854189072992,127.017065185618
407,수도시락,도시락,0.0,0건,0,서울 서초구 효령로57길 9,37.4856567467197,127.01662099556
408,춘원산오리,오리,0.0,0건,0,서울 서초구 효령로57길 4,37.4854189072992,127.017065185618
409,블링블링 서초1호점,아이스크림,0.0,0건,0,서울 서초구 남부순환로339길 60,37.4856632268725,127.021669144238
410,이리오리,한식,0.0,0건,0,서울 서초구 효령로 305,37.4855294785836,127.017560221616
411,콩사랑,한식,1.0,3건,2,서울 서초구 반포대로14길 71,37.4869095170024,127.01450471794
412,콩이몽이카페,카페,0.0,0건,0,서울 서초구 서리풀길 4 지층,37.4868251726491,127.021140991807
413,모짜르트클럽,카페,0.0,0건,0,서울 서초구 효령로 358,37.4867000659724,127.023305560354
414,뉴욕핫도그앤커피 양재남부터미널점,패스트푸드,0.0,0건,0,서울 서초구 효령로 292 양재 남부터미널 JR글로벌아앤씨,37.4835466074664,127.015110886678
415,바른고기파는사람들 서초점,"육류,고기",0.0,0건,0,서울 서초구 효령로68길 82,37.4855376619701,127.020458377799
416,커피콩36.5도씨,커피전문점,0.0,0건,0,서울 서초구 서초중앙로 26 래미안 서초유니빌 107호,37.4846872089607,127.016991752076
417,나트랑,동남아음식,0.0,0건,0,서울 서초구 서초중앙로 42 1층,37.4858656509843,127.016257753357
418,와사라 예당점,일식,0.0,0건,2,서울 서초구 반포대로10길 35 1층 104호,37.4842424493185,127.013690467291
419,한방숯불바베큐,치킨,0.0,0건,0,서울 서초구 효령로 305,37.4855294785836,127.017560221616
420,살몬드비프,"스테이크,립",1.5,2건,0,서울 서초구 사임당로 26 1층,37.4876445587152,127.012960084157
421,숙카페,커피전문점,0.0,0건,0,서울 서초구 남부순환로333길 10,37.483161800288,127.020414200242
422,옹심이네,한식,0.0,0건,1,서울 서초구 효령로 304,37.4847315992014,127.017803806463
423,상하이,중화요리,0.0,0건,0,서울 서초구 반포대로12길 26,37.4847898270854,127.01275019151
424,우이령,한식,0.0,0건,0,서울 서초구 서초중앙로5길 10-8,37.4858654442726,127.015099594605
425,SM카페,"호프,요리주점",0.0,0건,0,서울 서초구 효령로53길 14,37.4852731799223,127.013888071085
426,카페티타임,카페,0.0,0건,0,서울 서초구 반포대로12길 29,37.4852490619679,127.012834278618
427,족삼리,한식,0.0,0건,0,서울 서초구 효령로55길 57,37.4872629612234,127.013932649965
428,제이스비스트로,이탈리안,0.0,0건,0,서울 서초구 서초중앙로5길 10-8,37.4858654442726,127.015099594605
429,페이드커피바,와인바,0.0,0건,0,서울 서초구 반포대로12길 49,37.4852911888735,127.013983164141
430,스위트가든,카페,0.0,0건,0,서울 서초구 효령로52길 12,37.4837440242743,127.012770704706
431,오뎅사께 서초점,오뎅바,0.0,0건,0,서울 서초구 효령로55길 28 브이샤르망106호,37.4861327609484,127.01447946651
432,고향밥상,한식,1.0,1건,1,서울 서초구 남부순환로339길 60,37.4856632268725,127.021669144238
433,내추럴커피 서초점,커피전문점,0.0,0건,0,서울 서초구 반포대로14길 42,37.4858456414219,127.013448002236
434,더브라이언스,카페,5.0,1건,28,서울 서초구 서초중앙로 58 피앤디 솔로빌 지하1층 B101호,37.4871437304777,127.015593855751
435,아미고,칵테일바,0.0,0건,0,서울 서초구 효령로51길 8,37.4847883103697,127.012610440826
436,퓨전포차,실내포장마차,0.0,0건,0,서울 서초구 효령로68길 66,37.4855833562834,127.021401150283
437,사랑채,한식,0.0,0건,0,서울 서초구 서초중앙로 69,37.4878376687184,127.014313467711
438,서초동 그집,실내포장마차,0.0,0건,0,서울 서초구 효령로53길 18 1층,37.4855048196074,127.013969183554
439,뷔폐식백반,한식,0.0,0건,0,서울 서초구 효령로 304,37.4847315992014,127.017803806463
440,카페더머그,커피전문점,1.0,1건,0,서울 서초구 반포대로12길 37 1층,37.4853937117376,127.013305908324
441,위스키글렌,술집,0.0,0건,0,서울 서초구 사임당로 38 1층 101호,37.4880750904502,127.014262743844
442,자매가정식백반집,한식,0.0,0건,0,서울 서초구 효령로68길 110,37.4852738320271,127.018924772458
443,클로리스홀,뷔페,2.0,1건,0,서울 서초구 서초중앙로 26,37.4846872089607,127.016991752076
444,아여수 서리풀점,한식,4.5,2건,0,서울 서초구 반포대로8길 11-10,37.4836882654257,127.012644401577
445,지유명차 교대점,전통찻집,0.0,0건,2,서울 서초구 서초중앙로12길 38 1층 101호,37.4879666875693,127.017068478883
446,하림,"육류,고기",0.0,0건,0,서울 서초구 효령로53길 21 신성B동 오피스텔 305호,37.485501901176,127.013496898963
447,정우푸드,음식점,0.0,0건,0,서울 서초구 효령로 359 송남빌딩 302,37.4873664708336,127.023207622119
448,회무로,회,0.0,0건,0,서울 서초구 효령로68길 110,37.4852738320271,127.018924772458
449,바다밥상온스테이지,일식집,5.0,2건,1,서울 서초구 효령로 264,37.4841813353084,127.01312230063
450,맛고을,한식,5.0,3건,1,서울 서초구 서초중앙로6길 7,37.4861980516193,127.016121351333
451,블루비노,양식,3.0,1건,0,서울 서초구 효령로 260,37.4840424529593,127.012634511497
452,카페파울리,카페,0.0,0건,0,서울 서초구 남부순환로333길 10,37.483161800288,127.020414200242
453,꼬꾸이 서일점,치킨,0.0,0건,1,서울 서초구 남부순환로339길 47-1 1층 102호,37.4848865537235,127.021690628752
454,열라쭈꾸미 서초점,"해물,생선",0.0,0건,0,서울 서초구 효령로68길 66,37.4855833562834,127.021401150283
455,소소야마켓,간식,0.0,0건,0,서울 서초구 사임당로8길 10 제일빌딩 1층,37.4880847799566,127.015313181369
456,샌드프레소 JW타워점,샌드위치,0.0,0건,0,서울 서초구 남부순환로 2477 JW타워 1층,37.483193101706,127.021230080623
457,시애틀,피자,0.0,0건,0,서울 서초구 반포대로14길 54,37.4859413703336,127.013865581091
458,씨앤필코리아,음식점,0.0,0건,0,서울 서초구 서초중앙로 18,37.4840476212544,127.017348668302
459,호로록국수,국수,1.0,1건,2,서울 서초구 효령로 292 남부터미널 1층 111-1호,37.4835466074664,127.015110886678
460,안동장,중화요리,0.0,0건,0,서울 서초구 사임당로 31,37.4882347498646,127.013488684094
461,빵이야기,"제과,베이커리",0.0,0건,0,서울 서초구 사임당로14길 15,37.4885650246813,127.017829139844
462,아지트,술집,0.0,0건,1,서울 서초구 서초대로48길 103,37.488442446367,127.012542081021
463,예담,한식,0.0,0건,0,서울 서초구 반포대로12길 26,37.4847898270854,127.01275019151
464,휴,카페,0.0,0건,0,서울 서초구 서초중앙로5길 10-8,37.4858654442726,127.015099594605
465,교대한분식,분식,0.0,0건,0,서울 서초구 사임당로10길 1,37.4886496230808,127.015983816637
466,카페마메,카페,0.0,0건,0,서울 서초구 효령로 307,37.4855962923795,127.01783408772
467,몽돌바당,일식,0.0,0건,0,서울 서초구 서초동 1603-3,37.4860814151729,127.016454878747
468,밀밭,국밥,0.0,0건,0,서울 서초구 효령로 304,37.4847315992014,127.017803806463
469,백년불고기,한식,0.0,0건,0,서울 서초구 효령로55길 22,37.4857996317481,127.014693666479
470,소울&그루브,"호프,요리주점",0.0,0건,0,서울 서초구 반포대로12길 26 지하1층,37.4847898270854,127.01275019151
471,전문가,한식,0.0,0건,0,서울 서초구 반포대로12길 30,37.4848247687891,127.012910639156
472,카페인 세종&세종부동산,카페,0.0,0건,0,서울 서초구 반포대로14길 71,37.4869095170024,127.01450471794
473,대청마루,한식,0.0,0건,0,서울 서초구 사임당로 28,37.4877514833018,127.01318658415
474,맛있는뷔페,뷔페,0.0,0건,0,서울 서초구 효령로 304,37.4847315992014,127.017803806463
475,진심야식당,실내포장마차,0.0,0건,0,서울 서초구 사임당로 21,37.4879304099777,127.012481502204
476,맨발의 청춘,음식점,0.0,0건,0,서울 서초구 효령로53길 18 석탑오피스텔 115,37.4855048196074,127.013969183554
477,서초 명가 버섯매운탕,음식점,0.0,0건,0,서울 서초구 남부순환로323길 59 1층,37.4835281631951,127.013398403673
478,코바 서초점,한식,0.0,0건,0,서울 서초구 효령로 316-1,37.4854201490875,127.018966531325
479,(주)씨에스종합개발,커피전문점,0.0,0건,0,서울 서초구 서초중앙로 69,37.4878376687184,127.014313467711
480,화과방 서울영업소,간식,0.0,0건,0,서울 서초구 남부순환로333길 56,37.4846317175855,127.021858571824
481,다미,한식,0.0,0건,0,서울 서초구 서초중앙로 69,37.4878376687184,127.014313467711
482,보네스뻬 남부터미널점,"제과,베이커리",0.0,0건,0,서울 서초구 효령로 304 전자센타1층,37.4847315992014,127.017803806463
483,이오포장마차,실내포장마차,0.0,0건,0,서울 서초구 효령로53길 45 1층,37.4865276721133,127.012932415371
484,홍C,"호프,요리주점",0.0,0건,0,서울 서초구 효령로 279,37.4849415024327,127.014765522044
485,범수사,일식집,0.0,0건,0,서울 서초구 효령로55길 28,37.4861327609484,127.01447946651
486,프로보노,한식,0.0,0건,0,서울 서초구 효령로 304,37.4847315992014,127.017803806463
487,비바체,술집,0.0,0건,0,서울 서초구 사임당로8길 4,37.4883932032357,127.015249245506
488,딱밥,퓨전한식,0.0,0건,0,서울 서초구 효령로 305 지하1층3호,37.4855294785836,127.017560221616
489,파티데이즈,해산물,0.0,0건,0,서울 서초구 서초중앙로2길 74,37.4848862103015,127.02109928911
490,하동녹차앤LS,전통찻집,0.0,0건,0,서울 서초구 서초중앙로 68,37.4878304573821,127.015064485727
491,맥스웰하우스,커피전문점,0.0,0건,0,서울 서초구 효령로 292,37.4835466074664,127.015110886678
492,드리옹 17,퓨전한식,0.0,0건,1,서울 서초구 남부순환로339길 60,37.4856632268725,127.021669144238
493,만랩커피,커피전문점,0.0,0건,0,서울 서초구 서초중앙로 15,37.4830108887405,127.015641614311
494,구띠에델리,카페,0.0,0건,0,서울 서초구 효령로 304 국제전자센터 11층,37.4847315992014,127.017803806463
495,아이콘,술집,0.0,0건,0,서울 서초구 효령로 307,37.4855962923795,127.01783408772
496,송쉐프 서초점,중화요리,0.0,0건,0,서울 서초구 남부순환로339길 33 1층,37.4844283409248,127.021961289697
497,오키드,술집,0.0,0건,0,서울 서초구 사임당로 25,37.4880009230794,127.012816092593
498,아이비,카페,0.0,0건,0,서울 서초구 서초중앙로5길 10-8,37.4858654442726,127.015099594605
499,맛나스넥,분식,0.0,0건,0,서울 서초구 사임당로 58 제일빌딩,37.4886519231458,127.016295331893
